FIPS,Admin2,Province_State,Country_Region,Last_Update,Lat,Long_,Confirmed,Deaths,Recovered,Active,Combined_Key,Incidence_Rate,Case-Fatality_Ratio
9001.0,Fairfield,Connecticut,US,2020-09-02 04:28:25,41.26809896,-73.3881171,18939,1415,0,17524.0,"Fairfield, Connecticut, US",2007.6706822200451,7.471355404192407
9003.0,Hartford,Connecticut,US,2020-09-02 04:28:25,41.80283011,-72.73103891,13529,1425,0,12104.0,"Hartford, Connecticut, US",1517.1802808056339,10.532929263064528
9005.0,Litchfield,Connecticut,US,2020-09-02 04:28:25,41.7937534,-73.2451475,1713,138,0,1575.0,"Litchfield, Connecticut, US",949.9093343980304,8.056042031523642
9007.0,Middlesex,Connecticut,US,2020-09-02 04:28:25,41.45949668,-72.53714864,1466,192,0,1274.0,"Middlesex, Connecticut, US",902.5092959688741,13.096862210095498
9009.0,New Haven,Connecticut,US,2020-09-02 04:28:25,41.408032500000004,-72.93620426,13711,1109,0,12602.0,"New Haven, Connecticut, US",1604.0816278778648,8.08839617825104
9011.0,New London,Connecticut,US,2020-09-02 04:28:25,41.48896435,-72.10430976,1587,107,0,1480.0,"New London, Connecticut, US",598.4027510689804,6.7422810333963445
9013.0,Tolland,Connecticut,US,2020-09-02 04:28:25,41.85853803,-72.3308481,1147,65,0,1082.0,"Tolland, Connecticut, US",761.0087512689007,5.6669572798605055
90009.0,Unassigned,Connecticut,US,2020-09-02 04:28:25,,,107,0,0,107.0,"Unassigned, Connecticut, US",,0.0
9015.0,Windham,Connecticut,US,2020-09-02 04:28:25,41.82972709,-71.98182316,807,15,0,792.0,"Windham, Connecticut, US",691.0311520611052,1.858736059479554
10001.0,Kent,Delaware,US,2020-09-02 04:28:25,39.08646628,-75.56884914,2639,110,0,2529.0,"Kent, Delaware, US",1459.7369265319214,4.168245547555893
10003.0,New Castle,Delaware,US,2020-09-02 04:28:25,39.57992638,-75.64054974,8250,300,0,7950.0,"New Castle, Delaware, US",1476.5021395858275,3.636363636363636
10005.0,Sussex,Delaware,US,2020-09-02 04:28:25,38.66143781,-75.39031349,6357,195,0,6162.0,"Sussex, Delaware, US",2714.056996477745,3.0674846625766867
90010.0,Unassigned,Delaware,US,2020-09-02 04:28:25,,,289,0,0,289.0,"Unassigned, Delaware, US",,0.0
24001.0,Allegany,Maryland,US,2020-09-02 04:28:25,39.62357628,-78.69280486,395,20,0,375.0,"Allegany, Maryland, US",560.9520563508294,5.063291139240507
24003.0,Anne Arundel,Maryland,US,2020-09-02 04:28:25,39.00670238,-76.60329337,8400,237,0,8163.0,"Anne Arundel, Maryland, US",1450.1911144718717,2.821428571428572
24005.0,Baltimore,Maryland,US,2020-09-02 04:28:25,39.45784712,-76.62911955,15593,604,0,14989.0,"Baltimore, Maryland, US",1884.6465305727786,3.8735329955749376
24510.0,Baltimore City,Maryland,US,2020-09-02 04:28:25,39.30211911,-76.61151012,14535,461,0,14074.0,"Baltimore City, Maryland, US",2449.072435929839,3.1716546267629857
24009.0,Calvert,Maryland,US,2020-09-02 04:28:25,38.53961642,-76.56820632,791,28,0,763.0,"Calvert, Maryland, US",854.9040799783843,3.5398230088495577
24011.0,Caroline,Maryland,US,2020-09-02 04:28:25,38.87172293,-75.82904158,513,3,0,510.0,"Caroline, Maryland, US",1535.6522780338862,0.5847953216374269
24013.0,Carroll,Maryland,US,2020-09-02 04:28:25,39.56453592,-77.02373735,1700,123,0,1577.0,"Carroll, Maryland, US",1009.219517118144,7.235294117647059
24015.0,Cecil,Maryland,US,2020-09-02 04:28:25,39.56647682,-75.94627411,795,31,0,764.0,"Cecil, Maryland, US",772.9327694326965,3.89937106918239
24017.0,Charles,Maryland,US,2020-09-02 04:28:25,38.51092331,-76.98580666,2403,94,0,2309.0,"Charles, Maryland, US",1471.9123835425128,3.9117769454848106
24019.0,Dorchester,Maryland,US,2020-09-02 04:28:25,38.45413522,-76.02752426,462,6,0,456.0,"Dorchester, Maryland, US",1446.96044348398,1.2987012987012987
24021.0,Frederick,Maryland,US,2020-09-02 04:28:25,39.47296601,-77.39999394,3505,125,0,3380.0,"Frederick, Maryland, US",1350.429787283228,3.5663338088445085
24023.0,Garrett,Maryland,US,2020-09-02 04:28:25,39.52786077,-79.27355126,63,0,0,63.0,"Garrett, Maryland, US",217.1365547666644,0.0
24025.0,Harford,Maryland,US,2020-09-02 04:28:25,39.55010644,-76.30775940000002,2500,70,0,2430.0,"Harford, Maryland, US",978.6995822910184,2.8
24027.0,Howard,Maryland,US,2020-09-02 04:28:25,39.25305293,-76.93126208,4415,117,0,4298.0,"Howard, Maryland, US",1355.5835303509473,2.6500566251415627
24029.0,Kent,Maryland,US,2020-09-02 04:28:25,39.24976208,-76.04741541,264,24,0,240.0,"Kent, Maryland, US",1359.2832869941305,9.090909090909092
24031.0,Montgomery,Maryland,US,2020-09-02 04:28:25,39.13676329,-77.20358245,20103,821,0,19282.0,"Montgomery, Maryland, US",1913.3177498934035,4.083967567029797
24033.0,Prince George's,Maryland,US,2020-09-02 04:28:25,38.83070039,-76.8496441,26356,793,0,25563.0,"Prince George's, Maryland, US",2898.4072836284417,3.0088025497040523
24035.0,Queen Anne's,Maryland,US,2020-09-02 04:28:25,39.06198912,-76.03530977,556,26,0,530.0,"Queen Anne's, Maryland, US",1103.5906393283183,4.676258992805756
24039.0,Somerset,Maryland,US,2020-09-02 04:28:25,38.1163542,-75.75118623,196,4,0,192.0,"Somerset, Maryland, US",765.1467832604621,2.0408163265306123
24037.0,St. Mary's,Maryland,US,2020-09-02 04:28:25,38.30058422,-76.60629279999998,1121,55,0,1066.0,"St. Mary's, Maryland, US",987.5781869438816,4.906333630686887
24041.0,Talbot,Maryland,US,2020-09-02 04:28:25,38.76618159,-76.10882561,473,4,0,469.0,"Talbot, Maryland, US",1272.1551329980366,0.8456659619450317
90024.0,Unassigned,Maryland,US,2020-09-02 04:28:25,,,0,11,0,-11.0,"Unassigned, Maryland, US",,
24043.0,Washington,Maryland,US,2020-09-02 04:28:25,39.60835778,-77.82002295,1321,33,0,1288.0,"Washington, Maryland, US",874.5506425067363,2.498107494322483
24045.0,Wicomico,Maryland,US,2020-09-02 04:28:25,38.37301947,-75.62705831,1568,47,0,1521.0,"Wicomico, Maryland, US",1513.3820421005896,2.997448979591837
24047.0,Worcester,Maryland,US,2020-09-02 04:28:25,38.21274277,-75.33200012,835,24,0,811.0,"Worcester, Maryland, US",1597.291300022955,2.8742514970059885
25001.0,Barnstable,Massachusetts,US,2020-09-02 04:28:25,41.72980578,-70.28854339,1630,165,0,1465.0,"Barnstable, Massachusetts, US",765.2941452650357,10.122699386503069
25003.0,Berkshire,Massachusetts,US,2020-09-02 04:28:25,42.37428441,-73.20524838,665,46,0,619.0,"Berkshire, Massachusetts, US",532.2384428223843,6.917293233082707
25005.0,Bristol,Massachusetts,US,2020-09-02 04:28:25,41.79228404,-71.10872211,9175,659,0,8516.0,"Bristol, Massachusetts, US",1623.270354571784,7.182561307901907
,Dukes and Nantucket,Massachusetts,US,2020-09-02 04:28:25,41.40674725,-70.68763497,98,1,0,97.0,"Dukes and Nantucket, Massachusetts, US",341.09498451150324,1.020408163265306
25009.0,Essex,Massachusetts,US,2020-09-02 04:28:25,42.6687626,-70.94687179,18056,1240,0,16816.0,"Essex, Massachusetts, US",2288.367801640994,6.867523260965884
25011.0,Franklin,Massachusetts,US,2020-09-02 04:28:25,42.58119713,-72.58602547,392,65,0,327.0,"Franklin, Massachusetts, US",558.5636933599317,16.581632653061224
25013.0,Hampden,Massachusetts,US,2020-09-02 04:28:25,42.13440424,-72.63235561,7680,747,0,6933.0,"Hampden, Massachusetts, US",1646.7540932989114,9.7265625
25015.0,Hampshire,Massachusetts,US,2020-09-02 04:28:25,42.33997957,-72.65898478,1173,140,0,1033.0,"Hampshire, Massachusetts, US",729.3415407573214,11.935208866155158
25017.0,Middlesex,Massachusetts,US,2020-09-02 04:28:25,42.48607732,-71.39049229,25374,2071,0,23303.0,"Middlesex, Massachusetts, US",1574.363451239965,8.161898005832743
25021.0,Norfolk,Massachusetts,US,2020-09-02 04:28:25,42.16073095,-71.20530408,9547,1018,0,8529.0,"Norfolk, Massachusetts, US",1350.783488380319,10.663035508536714
25023.0,Plymouth,Massachusetts,US,2020-09-02 04:28:25,41.94070556,-70.80802823,9118,742,0,8376.0,"Plymouth, Massachusetts, US",1749.4176921807666,8.137749506470717
25025.0,Suffolk,Massachusetts,US,2020-09-02 04:28:25,42.327951399999996,-71.07850442,22434,1110,0,21324.0,"Suffolk, Massachusetts, US",2790.621303210446,4.947847017919231
90025.0,Unassigned,Massachusetts,US,2020-09-02 04:28:25,,,10088,5,0,10083.0,"Unassigned, Massachusetts, US",,0.049563838223632035
25027.0,Worcester,Massachusetts,US,2020-09-02 04:28:25,42.35026951,-71.90493363,13458,1055,0,12403.0,"Worcester, Massachusetts, US",1620.231585486539,7.839203447763412
34001.0,Atlantic,New Jersey,US,2020-09-02 04:28:25,39.47538693,-74.65848483,3763,251,0,3512.0,"Atlantic, New Jersey, US",1427.1627413054196,6.670209938878554
34003.0,Bergen,New Jersey,US,2020-09-02 04:28:25,40.96010917,-74.07164325,21665,2035,0,19630.0,"Bergen, New Jersey, US",2324.067101336406,9.393030233094851
34005.0,Burlington,New Jersey,US,2020-09-02 04:28:25,39.87681124,-74.66927768,6421,481,0,5940.0,"Burlington, New Jersey, US",1441.7905956901218,7.491045008565644
34007.0,Camden,New Jersey,US,2020-09-02 04:28:25,39.80343818,-74.96388753,9178,590,0,8588.0,"Camden, New Jersey, US",1812.1471910533871,6.428415776857703
34009.0,Cape May,New Jersey,US,2020-09-02 04:28:25,39.15008829,-74.80170244,908,94,0,814.0,"Cape May, New Jersey, US",986.5383152793924,10.352422907488986
34011.0,Cumberland,New Jersey,US,2020-09-02 04:28:25,39.37199394,-75.10712559,3587,155,0,3432.0,"Cumberland, New Jersey, US",2398.897857911949,4.321159743518259
34013.0,Essex,New Jersey,US,2020-09-02 04:28:25,40.78681335,-74.24657979,20368,2116,0,18252.0,"Essex, New Jersey, US",2549.266247379455,10.388845247446977
34015.0,Gloucester,New Jersey,US,2020-09-02 04:28:25,39.71581067,-75.13995546,3708,219,0,3489.0,"Gloucester, New Jersey, US",1271.4479693864955,5.906148867313916
34017.0,Hudson,New Jersey,US,2020-09-02 04:28:25,40.73766234,-74.07515667,20163,1508,0,18655.0,"Hudson, New Jersey, US",2998.701648296899,7.479045776918117
34019.0,Hunterdon,New Jersey,US,2020-09-02 04:28:25,40.56335249,-74.91284156,1212,124,0,1088.0,"Hunterdon, New Jersey, US",974.5037026316423,10.231023102310232
34021.0,Mercer,New Jersey,US,2020-09-02 04:28:25,40.28047017,-74.70479631,8342,630,0,7712.0,"Mercer, New Jersey, US",2270.364423155431,7.552145768400862
34023.0,Middlesex,New Jersey,US,2020-09-02 04:28:25,40.43629879,-74.41426991,18468,1417,0,17051.0,"Middlesex, New Jersey, US",2238.377237104605,7.672731210742906
34025.0,Monmouth,New Jersey,US,2020-09-02 04:28:25,40.26549699,-74.22240686,10763,858,0,9905.0,"Monmouth, New Jersey, US",1739.3482494202442,7.971755086871691
34027.0,Morris,New Jersey,US,2020-09-02 04:28:25,40.86095313,-74.54553709999998,7507,829,0,6678.0,"Morris, New Jersey, US",1526.2938527381589,11.04302650859198
34029.0,Ocean,New Jersey,US,2020-09-02 04:28:25,39.8895449,-74.28089251,11213,1023,0,10190.0,"Ocean, New Jersey, US",1846.715833369017,9.123338981539282
34031.0,Passaic,New Jersey,US,2020-09-02 04:28:25,41.03238628,-74.29954144,18380,1245,0,17135.0,"Passaic, New Jersey, US",3662.624096798492,6.7736670293797605
34033.0,Salem,New Jersey,US,2020-09-02 04:28:25,39.58719656,-75.34696629999998,980,89,0,891.0,"Salem, New Jersey, US",1570.8904384066684,9.081632653061224
34035.0,Somerset,New Jersey,US,2020-09-02 04:28:25,40.56465737,-74.61683016,5425,567,0,4858.0,"Somerset, New Jersey, US",1649.2670262119452,10.451612903225808
34037.0,Sussex,New Jersey,US,2020-09-02 04:28:25,41.13891592,-74.69118243,1402,197,0,1205.0,"Sussex, New Jersey, US",997.9500028472183,14.051355206847363
90034.0,Unassigned,New Jersey,US,2020-09-02 04:28:25,,,316,0,0,316.0,"Unassigned, New Jersey, US",,0.0
34039.0,Union,New Jersey,US,2020-09-02 04:28:25,40.65835409,-74.30680092,17124,1351,0,15773.0,"Union, New Jersey, US",3077.9683683208677,7.8895117963092725
34041.0,Warren,New Jersey,US,2020-09-02 04:28:25,40.85951833,-74.99556527,1397,171,0,1226.0,"Warren, New Jersey, US",1327.101560793031,12.240515390121688
36001.0,Albany,New York,US,2020-09-02 04:28:25,42.60060306,-73.97723916,2786,133,0,2653.0,"Albany, New York, US",911.9297166013106,4.773869346733668
36003.0,Allegany,New York,US,2020-09-02 04:28:25,42.25748406,-78.02750466,89,1,0,88.0,"Allegany, New York, US",193.09626608231545,1.1235955056179776
36005.0,Bronx,New York,US,2020-09-02 04:28:25,40.85209301,-73.86282755,51663,4912,0,46751.0,"Bronx, New York, US",3642.839162407181,9.50777151926911
36007.0,Broome,New York,US,2020-09-02 04:28:25,42.15903158,-75.81326086,1311,69,0,1242.0,"Broome, New York, US",688.232329595565,5.2631578947368425
36009.0,Cattaraugus,New York,US,2020-09-02 04:28:25,42.24778241,-78.67923096,206,6,0,200.0,"Cattaraugus, New York, US",270.6359945872801,2.9126213592233015
36011.0,Cayuga,New York,US,2020-09-02 04:28:25,42.91261714,-76.55731592,180,2,0,178.0,"Cayuga, New York, US",235.06059339740912,1.1111111111111112
36013.0,Chautauqua,New York,US,2020-09-02 04:28:25,42.22769210000001,-79.36691763,405,9,0,396.0,"Chautauqua, New York, US",319.14139145646675,2.2222222222222223
36015.0,Chemung,New York,US,2020-09-02 04:28:25,42.13891056,-76.7638805,205,3,0,202.0,"Chemung, New York, US",245.63842024539883,1.4634146341463414
36017.0,Chenango,New York,US,2020-09-02 04:28:25,42.49430041,-75.60887553,229,7,0,222.0,"Chenango, New York, US",485.0975490922957,3.056768558951965
36019.0,Clinton,New York,US,2020-09-02 04:28:25,44.74530905,-73.67875352,151,5,0,146.0,"Clinton, New York, US",187.612598620861,3.3112582781456954
36021.0,Columbia,New York,US,2020-09-02 04:28:25,42.24819348,-73.63089095,569,37,0,532.0,"Columbia, New York, US",956.9297522746001,6.502636203866433
36023.0,Cortland,New York,US,2020-09-02 04:28:25,42.59509207,-76.07048931,101,0,0,101.0,"Cortland, New York, US",212.2696034131271,0.0
36025.0,Delaware,New York,US,2020-09-02 04:28:25,42.19837623,-74.96709306,115,4,0,111.0,"Delaware, New York, US",260.56417808995127,3.4782608695652173
36027.0,Dutchess,New York,US,2020-09-02 04:28:25,41.76486060000001,-73.74356679,4868,153,0,4715.0,"Dutchess, New York, US",1654.5554656751115,3.142974527526705
36029.0,Erie,New York,US,2020-09-02 04:28:25,42.76249024,-78.73063652,9947,678,0,9269.0,"Erie, New York, US",1082.7232334315154,6.816125464964311
36031.0,Essex,New York,US,2020-09-02 04:28:25,44.11630765,-73.77297842,131,0,0,131.0,"Essex, New York, US",355.1579232750441,0.0
36033.0,Franklin,New York,US,2020-09-02 04:28:25,44.59040891,-74.29926032,58,0,0,58.0,"Franklin, New York, US",115.94898244772301,0.0
36035.0,Fulton,New York,US,2020-09-02 04:28:25,43.11363907,-74.41798804,311,24,0,287.0,"Fulton, New York, US",582.5824700747429,7.717041800643088
36037.0,Genesee,New York,US,2020-09-02 04:28:25,43.0022601,-78.19135193,297,5,0,292.0,"Genesee, New York, US",518.5055865921788,1.6835016835016836
36039.0,Greene,New York,US,2020-09-02 04:28:25,42.275797,-74.12384884,309,18,0,291.0,"Greene, New York, US",654.8274985165721,5.825242718446603
36041.0,Hamilton,New York,US,2020-09-02 04:28:25,43.66146647,-74.49721957,14,0,0,14.0,"Hamilton, New York, US",317.0289855072464,0.0
36043.0,Herkimer,New York,US,2020-09-02 04:28:25,43.42034246,-74.96145307,298,4,0,294.0,"Herkimer, New York, US",485.98313736362303,1.342281879194631
36045.0,Jefferson,New York,US,2020-09-02 04:28:25,44.04200959,-75.94653457,150,0,0,150.0,"Jefferson, New York, US",136.56973250541728,0.0
36047.0,Kings,New York,US,2020-09-02 04:28:25,40.636182500000004,-73.94935552,65118,7290,0,57828.0,"Kings, New York, US",2543.768259969225,11.195061273380633
36049.0,Lewis,New York,US,2020-09-02 04:28:25,43.784415700000004,-75.44903992,49,0,0,49.0,"Lewis, New York, US",186.3401277760876,0.0
36051.0,Livingston,New York,US,2020-09-02 04:28:25,42.72596275,-77.77966158,183,8,0,175.0,"Livingston, New York, US",290.8732555552023,4.371584699453551
36053.0,Madison,New York,US,2020-09-02 04:28:25,42.91653905,-75.67266639,461,17,0,444.0,"Madison, New York, US",649.8357790276427,3.6876355748373104
36055.0,Monroe,New York,US,2020-09-02 04:28:25,43.14638895,-77.69322942,5462,289,0,5173.0,"Monroe, New York, US",736.3468460574032,5.291102160380813
36057.0,Montgomery,New York,US,2020-09-02 04:28:25,42.90123494,-74.44011632,207,4,0,203.0,"Montgomery, New York, US",420.5522033278479,1.932367149758454
36059.0,Nassau,New York,US,2020-09-02 04:28:25,40.74066522,-73.58941873,44761,2198,0,42563.0,"Nassau, New York, US",3298.7109079064116,4.910524787203146
36061.0,New York,New York,US,2020-09-02 04:28:25,40.76727260000001,-73.97152637,32165,3170,0,28995.0,"New York, New York, US",1974.8806721409512,9.855432923985699
36063.0,Niagara,New York,US,2020-09-02 04:28:25,43.19898042,-78.74777412,1626,101,0,1525.0,"Niagara, New York, US",776.9458288138915,6.211562115621157
36065.0,Oneida,New York,US,2020-09-02 04:28:25,43.24375382,-75.43710392,2281,120,0,2161.0,"Oneida, New York, US",997.5029627718424,5.26085050416484
36067.0,Onondaga,New York,US,2020-09-02 04:28:25,43.00491923,-76.19971155,3912,204,0,3708.0,"Onondaga, New York, US",849.459750547198,5.214723926380368
36069.0,Ontario,New York,US,2020-09-02 04:28:25,42.85145728,-77.30874425,393,35,0,358.0,"Ontario, New York, US",357.99848784353736,8.9058524173028
36071.0,Orange,New York,US,2020-09-02 04:28:25,41.40337468,-74.30240757,11445,494,0,10951.0,"Orange, New York, US",2973.190627110719,4.316295325469637
36073.0,Orleans,New York,US,2020-09-02 04:28:25,43.2516977,-78.2320066,306,54,0,252.0,"Orleans, New York, US",758.3267248215703,17.647058823529417
36075.0,Oswego,New York,US,2020-09-02 04:28:25,43.42778894,-76.14635194,304,3,0,301.0,"Oswego, New York, US",259.55397698166047,0.986842105263158
36077.0,Otsego,New York,US,2020-09-02 04:28:25,42.63492579,-75.03151402,179,5,0,174.0,"Otsego, New York, US",300.8757332795455,2.793296089385475
36079.0,Putnam,New York,US,2020-09-02 04:28:25,41.42630093,-73.74965532,1505,63,0,1442.0,"Putnam, New York, US",1530.7160292921076,4.186046511627906
36081.0,Queens,New York,US,2020-09-02 04:28:25,40.71088124,-73.81684712,70288,7224,0,63064.0,"Queens, New York, US",3118.563813691901,10.277714545868427
36083.0,Rensselaer,New York,US,2020-09-02 04:28:25,42.71348136,-73.51089874,841,40,0,801.0,"Rensselaer, New York, US",529.8839421853145,4.756242568370987
36085.0,Richmond,New York,US,2020-09-02 04:28:25,40.58582155,-74.14808598,15308,1083,0,14225.0,"Richmond, New York, US",3215.000535553395,7.074732166187613
36087.0,Rockland,New York,US,2020-09-02 04:28:25,41.15027894,-74.02560498,14271,674,0,13597.0,"Rockland, New York, US",4380.442556378515,4.722864550487001
36091.0,Saratoga,New York,US,2020-09-02 04:28:25,43.10904162,-73.86653895,846,17,0,829.0,"Saratoga, New York, US",368.0453139478733,2.0094562647754137
36093.0,Schenectady,New York,US,2020-09-02 04:28:25,42.81668777,-74.05278291,1271,45,0,1226.0,"Schenectady, New York, US",818.4212390292274,3.5405192761605035
36095.0,Schoharie,New York,US,2020-09-02 04:28:25,42.58831742,-74.44339029999998,70,0,0,70.0,"Schoharie, New York, US",225.81373592696545,0.0
36097.0,Schuyler,New York,US,2020-09-02 04:28:25,42.39184015,-76.8773299,26,0,0,26.0,"Schuyler, New York, US",146.0099960689616,0.0
36099.0,Seneca,New York,US,2020-09-02 04:28:25,42.78081007,-76.82497064,100,3,0,97.0,"Seneca, New York, US",293.9793038570085,3.0
36089.0,St. Lawrence,New York,US,2020-09-02 04:28:25,44.4976179,-75.06550039,275,4,0,271.0,"St. Lawrence, New York, US",255.24410618154812,1.4545454545454546
36101.0,Steuben,New York,US,2020-09-02 04:28:25,42.2689144,-77.3829924,315,42,0,273.0,"Steuben, New York, US",330.26137829081875,13.333333333333336
36103.0,Suffolk,New York,US,2020-09-02 04:28:25,40.88320119,-72.8012172,44885,2002,0,42883.0,"Suffolk, New York, US",3039.751429126758,4.460287401136237
36105.0,Sullivan,New York,US,2020-09-02 04:28:25,41.71579493,-74.76394559,1530,48,0,1482.0,"Sullivan, New York, US",2028.3168946866047,3.1372549019607843
36107.0,Tioga,New York,US,2020-09-02 04:28:25,42.16852837,-76.30835812,209,25,0,184.0,"Tioga, New York, US",433.58297201419,11.961722488038278
36109.0,Tompkins,New York,US,2020-09-02 04:28:25,42.44945765,-76.47229843,270,0,0,270.0,"Tompkins, New York, US",264.2395772166765,0.0
36111.0,Ulster,New York,US,2020-09-02 04:28:25,41.89027881,-74.26252104,2176,94,0,2082.0,"Ulster, New York, US",1225.4115208956316,4.319852941176471
90036.0,Unassigned,New York,US,2020-09-02 04:28:25,,,0,24,0,-24.0,"Unassigned, New York, US",,
36113.0,Warren,New York,US,2020-09-02 04:28:25,43.56173026,-73.8433699,322,33,0,289.0,"Warren, New York, US",503.5656199174277,10.248447204968944
36115.0,Washington,New York,US,2020-09-02 04:28:25,43.31153794,-73.43043448,268,14,0,254.0,"Washington, New York, US",437.8798771322136,5.223880597014926
36117.0,Wayne,New York,US,2020-09-02 04:28:25,43.15494365,-77.02976528,280,5,0,275.0,"Wayne, New York, US",311.3948263973843,1.7857142857142858
36119.0,Westchester,New York,US,2020-09-02 04:28:25,41.16278376,-73.75741653,37021,1452,0,35569.0,"Westchester, New York, US",3826.4362184834004,3.9220982685502817
36121.0,Wyoming,New York,US,2020-09-02 04:28:25,42.70145109,-78.22199579,126,5,0,121.0,"Wyoming, New York, US",316.1143029177852,3.968253968253968
36123.0,Yates,New York,US,2020-09-02 04:28:25,42.63505484,-77.10369919,62,7,0,55.0,"Yates, New York, US",248.8660538674588,11.290322580645164
42001.0,Adams,Pennsylvania,US,2020-09-02 04:28:25,39.87140411,-77.21610347,648,23,0,625.0,"Adams, Pennsylvania, US",629.0712462017882,3.5493827160493834
42003.0,Allegheny,Pennsylvania,US,2020-09-02 04:28:25,40.46809875,-79.98167747,10376,314,0,10062.0,"Allegheny, Pennsylvania, US",853.2578975284633,3.02621434078643
42005.0,Armstrong,Pennsylvania,US,2020-09-02 04:28:25,40.81665618,-79.46290811,320,9,0,311.0,"Armstrong, Pennsylvania, US",494.32300919131853,2.8125
42007.0,Beaver,Pennsylvania,US,2020-09-02 04:28:25,40.6825484,-80.34921611,1618,96,0,1522.0,"Beaver, Pennsylvania, US",987.0126701193808,5.933250927070457
42009.0,Bedford,Pennsylvania,US,2020-09-02 04:28:25,40.00522157,-78.48998442,170,5,0,165.0,"Bedford, Pennsylvania, US",354.99498830604745,2.9411764705882355
42011.0,Berks,Pennsylvania,US,2020-09-02 04:28:25,40.41570541,-75.92457766,6095,382,0,5713.0,"Berks, Pennsylvania, US",1447.179720963805,6.267432321575061
42013.0,Blair,Pennsylvania,US,2020-09-02 04:28:25,40.47961444,-78.34917412,465,11,0,454.0,"Blair, Pennsylvania, US",381.68252222377265,2.3655913978494625
42015.0,Bradford,Pennsylvania,US,2020-09-02 04:28:25,41.78869215,-76.51570822,99,3,0,96.0,"Bradford, Pennsylvania, US",164.1165061419359,3.0303030303030303
42017.0,Bucks,Pennsylvania,US,2020-09-02 04:28:25,40.33682119,-75.10836643,7824,586,0,7238.0,"Bucks, Pennsylvania, US",1245.3244624126567,7.489775051124744
42019.0,Butler,Pennsylvania,US,2020-09-02 04:28:25,40.91152759,-79.91351055,789,18,0,771.0,"Butler, Pennsylvania, US",420.0092625616839,2.281368821292776
42021.0,Cambria,Pennsylvania,US,2020-09-02 04:28:25,40.49527404,-78.71377428,467,5,0,462.0,"Cambria, Pennsylvania, US",358.7009954528696,1.0706638115631693
42023.0,Cameron,Pennsylvania,US,2020-09-02 04:28:25,41.43625568,-78.20376845,8,0,0,8.0,"Cameron, Pennsylvania, US",179.89655947830002,0.0
42025.0,Carbon,Pennsylvania,US,2020-09-02 04:28:25,40.91545395,-75.7068525,423,28,0,395.0,"Carbon, Pennsylvania, US",659.063288772553,6.619385342789598
42027.0,Centre,Pennsylvania,US,2020-09-02 04:28:25,40.92058903,-77.82200624,491,11,0,480.0,"Centre, Pennsylvania, US",302.3678295409058,2.240325865580448
42029.0,Chester,Pennsylvania,US,2020-09-02 04:28:25,39.97291773,-75.74768357,5719,357,0,5362.0,"Chester, Pennsylvania, US",1089.3561579385473,6.24235006119951
42031.0,Clarion,Pennsylvania,US,2020-09-02 04:28:25,41.19265812,-79.42413524,98,3,0,95.0,"Clarion, Pennsylvania, US",254.95603309225243,3.0612244897959178
42033.0,Clearfield,Pennsylvania,US,2020-09-02 04:28:25,41.00110782,-78.47592663,228,1,0,227.0,"Clearfield, Pennsylvania, US",287.6790107879628,0.43859649122807015
42035.0,Clinton,Pennsylvania,US,2020-09-02 04:28:25,41.23255967,-77.63785995,137,5,0,132.0,"Clinton, Pennsylvania, US",354.62828743010976,3.6496350364963503
42037.0,Columbia,Pennsylvania,US,2020-09-02 04:28:25,41.04821986,-76.40565017,675,35,0,640.0,"Columbia, Pennsylvania, US",1039.0370051105228,5.185185185185184
42039.0,Crawford,Pennsylvania,US,2020-09-02 04:28:25,41.68447709,-80.10760592,217,2,0,215.0,"Crawford, Pennsylvania, US",256.41328622576185,0.9216589861751152
42041.0,Cumberland,Pennsylvania,US,2020-09-02 04:28:25,40.1625372,-77.26130755,1546,72,0,1474.0,"Cumberland, Pennsylvania, US",610.1748431148122,4.657179818887451
42043.0,Dauphin,Pennsylvania,US,2020-09-02 04:28:25,40.41377078,-76.77993242,3355,163,0,3192.0,"Dauphin, Pennsylvania, US",1205.5379286307173,4.858420268256334
42045.0,Delaware,Pennsylvania,US,2020-09-02 04:28:25,39.91680171,-75.40243663,10429,724,0,9705.0,"Delaware, Pennsylvania, US",1840.1508962552955,6.9421804583373286
42047.0,Elk,Pennsylvania,US,2020-09-02 04:28:25,41.42822061,-78.64524744,64,2,0,62.0,"Elk, Pennsylvania, US",213.97525911066532,3.125
42049.0,Erie,Pennsylvania,US,2020-09-02 04:28:25,41.99253829,-80.03301954,1358,35,0,1323.0,"Erie, Pennsylvania, US",503.4701625341085,2.5773195876288657
42051.0,Fayette,Pennsylvania,US,2020-09-02 04:28:25,39.92041012,-79.64291195,694,6,0,688.0,"Fayette, Pennsylvania, US",536.8442223494284,0.8645533141210374
42053.0,Forest,Pennsylvania,US,2020-09-02 04:28:25,41.51095103,-79.23229292,14,0,0,14.0,"Forest, Pennsylvania, US",193.1833862287843,0.0
42055.0,Franklin,Pennsylvania,US,2020-09-02 04:28:25,39.92956518,-77.72157791,1525,47,0,1478.0,"Franklin, Pennsylvania, US",983.6996136156928,3.081967213114754
42057.0,Fulton,Pennsylvania,US,2020-09-02 04:28:25,39.92913544,-78.11163677,34,2,0,32.0,"Fulton, Pennsylvania, US",233.9986235375086,5.882352941176472
42059.0,Greene,Pennsylvania,US,2020-09-02 04:28:25,39.85746531,-80.22357106,140,1,0,139.0,"Greene, Pennsylvania, US",386.3880992465432,0.7142857142857143
42061.0,Huntingdon,Pennsylvania,US,2020-09-02 04:28:25,40.42162652,-77.97673273,370,5,0,365.0,"Huntingdon, Pennsylvania, US",819.5995038100301,1.351351351351351
42063.0,Indiana,Pennsylvania,US,2020-09-02 04:28:25,40.65241041,-79.08963285,430,10,0,420.0,"Indiana, Pennsylvania, US",511.46027856743547,2.3255813953488373
42065.0,Jefferson,Pennsylvania,US,2020-09-02 04:28:25,41.12913106,-78.9986361,97,1,0,96.0,"Jefferson, Pennsylvania, US",223.3736327000576,1.0309278350515465
42067.0,Juniata,Pennsylvania,US,2020-09-02 04:28:25,40.53358749,-77.39975129999998,151,6,0,145.0,"Juniata, Pennsylvania, US",609.7807212373299,3.9735099337748334
42069.0,Lackawanna,Pennsylvania,US,2020-09-02 04:28:25,41.43564672,-75.60379201,2093,214,0,1879.0,"Lackawanna, Pennsylvania, US",998.2162786039281,10.224558050645006
42071.0,Lancaster,Pennsylvania,US,2020-09-02 04:28:25,40.03904563,-76.24770128,6789,432,0,6357.0,"Lancaster, Pennsylvania, US",1244.0354464894342,6.363234644277508
42073.0,Lawrence,Pennsylvania,US,2020-09-02 04:28:25,40.99206278,-80.33393706,464,18,0,446.0,"Lawrence, Pennsylvania, US",542.6139021423894,3.8793103448275854
42075.0,Lebanon,Pennsylvania,US,2020-09-02 04:28:25,40.36680311,-76.45651841,1736,57,0,1679.0,"Lebanon, Pennsylvania, US",1224.3199593774025,3.2834101382488483
42077.0,Lehigh,Pennsylvania,US,2020-09-02 04:28:25,40.6154815,-75.59435245,5212,343,0,4869.0,"Lehigh, Pennsylvania, US",1411.2499255384243,6.58096699923254
42079.0,Luzerne,Pennsylvania,US,2020-09-02 04:28:25,41.17823008,-75.98447579,3788,188,0,3600.0,"Luzerne, Pennsylvania, US",1193.3828370881206,4.963041182682153
42081.0,Lycoming,Pennsylvania,US,2020-09-02 04:28:25,41.34310539,-77.06629984,526,23,0,503.0,"Lycoming, Pennsylvania, US",464.2582900113858,4.372623574144487
42083.0,McKean,Pennsylvania,US,2020-09-02 04:28:25,41.80938602,-78.56478358,40,2,0,38.0,"McKean, Pennsylvania, US",98.46153846153848,5.0
42085.0,Mercer,Pennsylvania,US,2020-09-02 04:28:25,41.30248872,-80.25816981,549,13,0,536.0,"Mercer, Pennsylvania, US",501.7180874396842,2.3679417122040074
42087.0,Mifflin,Pennsylvania,US,2020-09-02 04:28:25,40.61116939,-77.61070738,161,1,0,160.0,"Mifflin, Pennsylvania, US",348.95314057826516,0.6211180124223602
42089.0,Monroe,Pennsylvania,US,2020-09-02 04:28:25,41.05934058,-75.34031025,1716,127,0,1589.0,"Monroe, Pennsylvania, US",1007.8052046443613,7.400932400932401
42091.0,Montgomery,Pennsylvania,US,2020-09-02 04:28:25,40.21053671,-75.36652296,11093,863,0,10230.0,"Montgomery, Pennsylvania, US",1335.0342694499436,7.77968087983413
42093.0,Montour,Pennsylvania,US,2020-09-02 04:28:25,41.03023987,-76.66345939,133,5,0,128.0,"Montour, Pennsylvania, US",729.5666483817881,3.7593984962406015
42095.0,Northampton,Pennsylvania,US,2020-09-02 04:28:25,40.75182733,-75.30471829,4120,301,0,3819.0,"Northampton, Pennsylvania, US",1349.558609168482,7.305825242718448
42097.0,Northumberland,Pennsylvania,US,2020-09-02 04:28:25,40.84785433,-76.70798222,692,35,0,657.0,"Northumberland, Pennsylvania, US",761.7537950089716,5.0578034682080935
42099.0,Perry,Pennsylvania,US,2020-09-02 04:28:25,40.40206612,-77.26297447,176,5,0,171.0,"Perry, Pennsylvania, US",380.35961272475794,2.8409090909090913
42101.0,Philadelphia,Pennsylvania,US,2020-09-02 04:28:25,40.00338507,-75.1379271,33909,1751,0,32158.0,"Philadelphia, Pennsylvania, US",2140.6332067391213,5.163820814533015
42103.0,Pike,Pennsylvania,US,2020-09-02 04:28:25,41.33155042,-75.03208106,543,21,0,522.0,"Pike, Pennsylvania, US",972.9613503198407,3.867403314917127
42105.0,Potter,Pennsylvania,US,2020-09-02 04:28:25,41.74471626,-77.89559864,25,0,0,25.0,"Potter, Pennsylvania, US",151.27677598935009,0.0
42107.0,Schuylkill,Pennsylvania,US,2020-09-02 04:28:25,40.70497338,-76.2150785,992,51,0,941.0,"Schuylkill, Pennsylvania, US",701.759350306666,5.141129032258065
42109.0,Snyder,Pennsylvania,US,2020-09-02 04:28:25,40.77129231,-77.06840691,166,2,0,164.0,"Snyder, Pennsylvania, US",411.1760626176558,1.2048192771084338
42111.0,Somerset,Pennsylvania,US,2020-09-02 04:28:25,39.97172723,-79.02699593,167,3,0,164.0,"Somerset, Pennsylvania, US",227.3748417226027,1.7964071856287425
42113.0,Sullivan,Pennsylvania,US,2020-09-02 04:28:25,41.44634738,-76.51246591,10,0,0,10.0,"Sullivan, Pennsylvania, US",164.85328058028355,0.0
42115.0,Susquehanna,Pennsylvania,US,2020-09-02 04:28:25,41.82147784,-75.80071959,269,27,0,242.0,"Susquehanna, Pennsylvania, US",667.0303511208092,10.037174721189592
42117.0,Tioga,Pennsylvania,US,2020-09-02 04:28:25,41.77255149,-77.25433032,49,3,0,46.0,"Tioga, Pennsylvania, US",120.71641496883544,6.1224489795918355
90042.0,Unassigned,Pennsylvania,US,2020-09-02 04:28:25,,,0,0,0,0.0,"Unassigned, Pennsylvania, US",,
42119.0,Union,Pennsylvania,US,2020-09-02 04:28:25,40.96188846,-77.05996014,386,6,0,380.0,"Union, Pennsylvania, US",859.2480466576143,1.5544041450777202
42121.0,Venango,Pennsylvania,US,2020-09-02 04:28:25,41.40323442,-79.75845449,70,1,0,69.0,"Venango, Pennsylvania, US",138.15425909844478,1.4285714285714286
42123.0,Warren,Pennsylvania,US,2020-09-02 04:28:25,41.81304978,-79.26969577,28,1,0,27.0,"Warren, Pennsylvania, US",71.44497461151795,3.571428571428572
42125.0,Washington,Pennsylvania,US,2020-09-02 04:28:25,40.19208869,-80.24582867,1066,27,0,1039.0,"Washington, Pennsylvania, US",515.3119184008896,2.5328330206378986
42127.0,Wayne,Pennsylvania,US,2020-09-02 04:28:25,41.64938475,-75.29956506,178,10,0,168.0,"Wayne, Pennsylvania, US",346.5664609333931,5.617977528089888
42129.0,Westmoreland,Pennsylvania,US,2020-09-02 04:28:25,40.31377979999999,-79.46615476,1819,49,0,1770.0,"Westmoreland, Pennsylvania, US",521.354317438571,2.6937877954920286
42131.0,Wyoming,Pennsylvania,US,2020-09-02 04:28:25,41.51955538,-76.01074915,67,8,0,59.0,"Wyoming, Pennsylvania, US",250.0559826826901,11.940298507462687
42133.0,York,Pennsylvania,US,2020-09-02 04:28:25,39.9210089,-76.73040131,3442,123,0,3319.0,"York, Pennsylvania, US",766.4934151045078,3.57350377687391
44001.0,Bristol,Rhode Island,US,2020-09-02 04:28:25,41.71018079,-71.28652315,349,0,0,349.0,"Bristol, Rhode Island, US",719.8993378576291,0.0
44003.0,Kent,Rhode Island,US,2020-09-02 04:28:25,41.67106337,-71.57641596,1664,0,0,1664.0,"Kent, Rhode Island, US",1012.8308134297473,0.0
44005.0,Newport,Rhode Island,US,2020-09-02 04:28:25,41.5642026,-71.26569799,434,0,0,434.0,"Newport, Rhode Island, US",528.7395531297972,0.0
44007.0,Providence,Rhode Island,US,2020-09-02 04:28:25,41.87064746,-71.57753536,16668,0,0,16668.0,"Providence, Rhode Island, US",2608.7323983340925,0.0
90044.0,Unassigned,Rhode Island,US,2020-09-02 04:28:25,,,2193,1050,0,1143.0,"Unassigned, Rhode Island, US",,47.87961696306429
44009.0,Washington,Rhode Island,US,2020-09-02 04:28:25,41.45961631,-71.61435303,694,0,0,694.0,"Washington, Rhode Island, US",552.6489723436616,0.0
51001.0,Accomack,Virginia,US,2020-09-02 04:28:25,37.76707161,-75.63234615,1148,19,0,1129.0,"Accomack, Virginia, US",3552.4198539423205,1.6550522648083623
51003.0,Albemarle,Virginia,US,2020-09-02 04:28:25,38.02080697,-78.55481085,1042,18,0,1024.0,"Albemarle, Virginia, US",953.0778377389557,1.727447216890595
51510.0,Alexandria,Virginia,US,2020-09-02 04:28:25,38.814003,-77.08183073,3395,62,0,3333.0,"Alexandria, Virginia, US",2129.487919311539,1.8262150220913107
51005.0,Alleghany,Virginia,US,2020-09-02 04:28:25,37.78636074,-80.00222498,65,4,0,61.0,"Alleghany, Virginia, US",437.41588156123817,6.153846153846153
51007.0,Amelia,Virginia,US,2020-09-02 04:28:25,37.34081025,-77.98584649,100,3,0,97.0,"Amelia, Virginia, US",760.7455306200078,3.0
51009.0,Amherst,Virginia,US,2020-09-02 04:28:25,37.60308293,-79.14548696,298,1,0,297.0,"Amherst, Virginia, US",942.8887834203447,0.3355704697986577
51011.0,Appomattox,Virginia,US,2020-09-02 04:28:25,37.37569884,-78.81340003,172,1,0,171.0,"Appomattox, Virginia, US",1081.0131355665892,0.5813953488372093
51013.0,Arlington,Virginia,US,2020-09-02 04:28:25,38.8767675,-77.10139853,3560,140,0,3420.0,"Arlington, Virginia, US",1503.1117791607908,3.9325842696629216
51015.0,Augusta,Virginia,US,2020-09-02 04:28:25,38.16404586,-79.12461614,369,4,0,365.0,"Augusta, Virginia, US",488.3665528468197,1.084010840108401
51017.0,Bath,Virginia,US,2020-09-02 04:28:25,38.05852573,-79.73912095,4,0,0,4.0,"Bath, Virginia, US",96.45526886906195,0.0
51019.0,Bedford,Virginia,US,2020-09-02 04:28:25,37.3080028,-79.5281964,551,9,0,542.0,"Bedford, Virginia, US",697.4948415762624,1.6333938294010892
51021.0,Bland,Virginia,US,2020-09-02 04:28:25,37.13128068,-81.13599391,47,0,0,47.0,"Bland, Virginia, US",748.4076433121019,0.0
51023.0,Botetourt,Virginia,US,2020-09-02 04:28:25,37.55531756,-79.80982182,250,10,0,240.0,"Botetourt, Virginia, US",748.0774409766899,4.0
51520.0,Bristol,Virginia,US,2020-09-02 04:28:25,36.616302399999995,-82.16359122,121,2,0,119.0,"Bristol, Virginia, US",721.8708984608043,1.6528925619834711
51025.0,Brunswick,Virginia,US,2020-09-02 04:28:25,36.76366949,-77.8593436,295,2,0,293.0,"Brunswick, Virginia, US",1817.5097036535026,0.6779661016949152
51027.0,Buchanan,Virginia,US,2020-09-02 04:28:25,37.26818323,-82.03749726,99,1,0,98.0,"Buchanan, Virginia, US",471.33879261093125,1.0101010101010102
51029.0,Buckingham,Virginia,US,2020-09-02 04:28:25,37.57242268,-78.52518834,648,8,0,640.0,"Buckingham, Virginia, US",3778.8663400979713,1.2345679012345678
51530.0,Buena Vista,Virginia,US,2020-09-02 04:28:25,37.73484642,-79.35296097,75,1,0,74.0,"Buena Vista, Virginia, US",1157.764742204384,1.3333333333333333
51031.0,Campbell,Virginia,US,2020-09-02 04:28:25,37.20553386,-79.09678609,329,3,0,326.0,"Campbell, Virginia, US",599.4351826546415,0.9118541033434652
51033.0,Caroline,Virginia,US,2020-09-02 04:28:25,38.02679129,-77.34901405,264,5,0,259.0,"Caroline, Virginia, US",859.2351505288852,1.893939393939394
51035.0,Carroll,Virginia,US,2020-09-02 04:28:25,36.73066666,-80.73455942,410,19,0,391.0,"Carroll, Virginia, US",1376.2545735289182,4.634146341463413
51036.0,Charles City,Virginia,US,2020-09-02 04:28:25,37.35358063,-77.05634116,69,5,0,64.0,"Charles City, Virginia, US",990.952175786299,7.246376811594202
51037.0,Charlotte,Virginia,US,2020-09-02 04:28:25,37.01909701,-78.66314092,74,0,0,74.0,"Charlotte, Virginia, US",622.8956228956229,0.0
51540.0,Charlottesville,Virginia,US,2020-09-02 04:28:25,38.03527919,-78.48569588,686,18,0,668.0,"Charlottesville, Virginia, US",1451.3603859010705,2.623906705539359
51550.0,Chesapeake,Virginia,US,2020-09-02 04:28:25,36.67670048,-76.30545744,3811,48,0,3763.0,"Chesapeake, Virginia, US",1556.5584985806768,1.2595119391235896
51041.0,Chesterfield,Virginia,US,2020-09-02 04:28:25,37.37373208,-77.58680140000001,5106,83,0,5023.0,"Chesterfield, Virginia, US",1447.270707082159,1.6255385820603212
51043.0,Clarke,Virginia,US,2020-09-02 04:28:25,39.11271747,-77.99199425,81,0,0,81.0,"Clarke, Virginia, US",554.0734660373487,0.0
51570.0,Colonial Heights,Virginia,US,2020-09-02 04:28:25,37.26420587,-77.39609676,228,23,0,205.0,"Colonial Heights, Virginia, US",1312.607944732297,10.087719298245617
51580.0,Covington,Virginia,US,2020-09-02 04:28:25,37.7824656,-79.98631446,25,0,0,25.0,"Covington, Virginia, US",451.4265077645359,0.0
51045.0,Craig,Virginia,US,2020-09-02 04:28:25,37.48133648,-80.21072274,21,0,0,21.0,"Craig, Virginia, US",409.2769440654843,0.0
51047.0,Culpeper,Virginia,US,2020-09-02 04:28:25,38.48199985,-77.95630870000002,1122,13,0,1109.0,"Culpeper, Virginia, US",2132.877102936983,1.1586452762923352
51049.0,Cumberland,Virginia,US,2020-09-02 04:28:25,37.51328851,-78.24398086,99,0,0,99.0,"Cumberland, Virginia, US",996.7780910189286,0.0
51590.0,Danville,Virginia,US,2020-09-02 04:28:25,36.58022376,-79.40395668,611,16,0,595.0,"Danville, Virginia, US",1525.8215962441311,2.6186579378068737
51051.0,Dickenson,Virginia,US,2020-09-02 04:28:25,37.12560977,-82.35124171,67,1,0,66.0,"Dickenson, Virginia, US",467.9424500628579,1.492537313432836
51053.0,Dinwiddie,Virginia,US,2020-09-02 04:28:25,37.07544585,-77.63451754,296,8,0,288.0,"Dinwiddie, Virginia, US",1036.9955156950673,2.702702702702702
51595.0,Emporia,Virginia,US,2020-09-02 04:28:25,36.69455571,-77.53406129,233,17,0,216.0,"Emporia, Virginia, US",4358.398802843249,7.296137339055795
51057.0,Essex,Virginia,US,2020-09-02 04:28:25,37.93357639,-76.94230311,130,2,0,128.0,"Essex, Virginia, US",1186.8894366840136,1.5384615384615383
51059.0,Fairfax,Virginia,US,2020-09-02 04:28:25,38.83677558,-77.27565836,18508,560,0,17948.0,"Fairfax, Virginia, US",1612.852626331989,3.02571860816944
51600.0,Fairfax City,Virginia,US,2020-09-02 04:28:25,38.85157547,-77.29779640000002,122,7,0,115.0,"Fairfax City, Virginia, US",507.931221116616,5.737704918032787
51610.0,Falls Church,Virginia,US,2020-09-02 04:28:25,38.88485255,-77.17560759,66,7,0,59.0,"Falls Church, Virginia, US",451.5290415269892,10.606060606060606
51061.0,Fauquier,Virginia,US,2020-09-02 04:28:25,38.73564842,-77.80647472,770,9,0,761.0,"Fauquier, Virginia, US",1081.126618179776,1.1688311688311688
51063.0,Floyd,Virginia,US,2020-09-02 04:28:25,36.9302126,-80.36738849,152,2,0,150.0,"Floyd, Virginia, US",965.1406438504033,1.3157894736842106
51065.0,Fluvanna,Virginia,US,2020-09-02 04:28:25,37.84157909,-78.27715475,226,9,0,217.0,"Fluvanna, Virginia, US",828.7495416208287,3.9823008849557517
51067.0,Franklin,Virginia,US,2020-09-02 04:28:25,36.99536167,-79.88023649,194,1,0,193.0,"Franklin, Virginia, US",346.1689447200313,0.5154639175257731
51620.0,Franklin City,Virginia,US,2020-09-02 04:28:25,36.6831435,-76.93859681,312,6,0,306.0,"Franklin City, Virginia, US",3916.154135810217,1.9230769230769231
51069.0,Frederick,Virginia,US,2020-09-02 04:28:25,39.20172582,-78.25974949,766,11,0,755.0,"Frederick, Virginia, US",857.6578997458377,1.4360313315926894
51630.0,Fredericksburg,Virginia,US,2020-09-02 04:28:25,38.2977863,-77.4922454,482,5,0,477.0,"Fredericksburg, Virginia, US",1660.0082656013226,1.037344398340249
51640.0,Galax,Virginia,US,2020-09-02 04:28:25,36.66601852,-80.91703124,397,28,0,369.0,"Galax, Virginia, US",6254.923585946116,7.052896725440807
51071.0,Giles,Virginia,US,2020-09-02 04:28:25,37.31234791,-80.70636931,47,0,0,47.0,"Giles, Virginia, US",281.1004784688995,0.0
51073.0,Gloucester,Virginia,US,2020-09-02 04:28:25,37.40809042,-76.53524337,204,2,0,202.0,"Gloucester, Virginia, US",546.2139873621079,0.9803921568627452
51075.0,Goochland,Virginia,US,2020-09-02 04:28:25,37.71714806,-77.90381514,222,7,0,215.0,"Goochland, Virginia, US",934.6187849955796,3.1531531531531534
51077.0,Grayson,Virginia,US,2020-09-02 04:28:25,36.65677234,-81.23215889,199,7,0,192.0,"Grayson, Virginia, US",1279.742765273312,3.5175879396984926
51079.0,Greene,Virginia,US,2020-09-02 04:28:25,38.29545894,-78.46525378,199,3,0,196.0,"Greene, Virginia, US",1004.0869872344721,1.5075376884422111
51081.0,Greensville,Virginia,US,2020-09-02 04:28:25,36.67878901,-77.56351439,711,11,0,700.0,"Greensville, Virginia, US",6272.0536344389575,1.5471167369901546
51083.0,Halifax,Virginia,US,2020-09-02 04:28:25,36.76654925,-78.93512622,212,2,0,210.0,"Halifax, Virginia, US",625.1658753796703,0.9433962264150944
51650.0,Hampton,Virginia,US,2020-09-02 04:28:25,37.03513786,-76.35879121,1562,16,0,1546.0,"Hampton, Virginia, US",1161.2519515277675,1.0243277848911652
51085.0,Hanover,Virginia,US,2020-09-02 04:28:25,37.7583355,-77.49464673,810,35,0,775.0,"Hanover, Virginia, US",751.6285284783697,4.320987654320987
51660.0,Harrisonburg,Virginia,US,2020-09-02 04:28:25,38.43542574,-78.87536254,1423,33,0,1390.0,"Harrisonburg, Virginia, US",2684.095367436246,2.3190442726633878
51087.0,Henrico,Virginia,US,2020-09-02 04:28:25,37.53460572,-77.39326555,4651,193,0,4458.0,"Henrico, Virginia, US",1405.9089892327506,4.149645237583314
51089.0,Henry,Virginia,US,2020-09-02 04:28:25,36.68542395,-79.87634026,849,16,0,833.0,"Henry, Virginia, US",1679.2926795498154,1.8845700824499407
51091.0,Highland,Virginia,US,2020-09-02 04:28:25,38.35799465,-79.56124594,6,0,0,6.0,"Highland, Virginia, US",273.97260273972597,0.0
51670.0,Hopewell,Virginia,US,2020-09-02 04:28:25,37.29186313,-77.29754684,350,4,0,346.0,"Hopewell, Virginia, US",1553.5531981002264,1.1428571428571428
51093.0,Isle of Wight,Virginia,US,2020-09-02 04:28:25,36.90579348,-76.70842863,560,11,0,549.0,"Isle of Wight, Virginia, US",1509.067881107009,1.9642857142857144
51095.0,James City,Virginia,US,2020-09-02 04:28:25,37.31156958,-76.76950618,746,18,0,728.0,"James City, Virginia, US",974.8703004325496,2.412868632707774
51099.0,King George,Virginia,US,2020-09-02 04:28:25,38.26818502,-77.15852768,202,4,0,198.0,"King George, Virginia, US",752.7202265613355,1.98019801980198
51101.0,King William,Virginia,US,2020-09-02 04:28:25,37.70965316,-77.09384941,115,2,0,113.0,"King William, Virginia, US",670.6321436902263,1.7391304347826086
51097.0,King and Queen,Virginia,US,2020-09-02 04:28:25,37.71044922,-76.88689628,49,1,0,48.0,"King and Queen, Virginia, US",697.508896797153,2.0408163265306123
51103.0,Lancaster,Virginia,US,2020-09-02 04:28:25,37.71889653,-76.46400482,72,0,0,72.0,"Lancaster, Virginia, US",679.0530981797605,0.0
51105.0,Lee,Virginia,US,2020-09-02 04:28:25,36.70586667,-83.12606515,210,3,0,207.0,"Lee, Virginia, US",896.5546684882381,1.4285714285714286
51678.0,Lexington,Virginia,US,2020-09-02 04:28:25,37.78258621,-79.44262866,43,0,0,43.0,"Lexington, Virginia, US",577.491270480795,0.0
51107.0,Loudoun,Virginia,US,2020-09-02 04:28:25,39.08990083,-77.63481877,6008,118,0,5890.0,"Loudoun, Virginia, US",1452.8290024133212,1.96404793608522
51109.0,Louisa,Virginia,US,2020-09-02 04:28:25,37.97850256,-77.96274807,251,2,0,249.0,"Louisa, Virginia, US",667.7130164135033,0.796812749003984
51111.0,Lunenburg,Virginia,US,2020-09-02 04:28:25,36.94618528,-78.24133319,97,2,0,95.0,"Lunenburg, Virginia, US",795.3427353230568,2.061855670103093
51680.0,Lynchburg,Virginia,US,2020-09-02 04:28:25,37.40021399,-79.19888138,1007,5,0,1002.0,"Lynchburg, Virginia, US",1225.5379223055204,0.4965243296921549
51113.0,Madison,Virginia,US,2020-09-02 04:28:25,38.41531222,-78.28220331,91,2,0,89.0,"Madison, Virginia, US",686.2227584646707,2.1978021978021984
51683.0,Manassas,Virginia,US,2020-09-02 04:28:25,38.7464321,-77.48509905,1810,24,0,1786.0,"Manassas, Virginia, US",4405.50079104296,1.3259668508287292
51685.0,Manassas Park,Virginia,US,2020-09-02 04:28:25,38.77058531,-77.44399307,568,7,0,561.0,"Manassas Park, Virginia, US",3249.7997482549486,1.2323943661971828
51690.0,Martinsville,Virginia,US,2020-09-02 04:28:25,36.68212094,-79.86352771,328,6,0,322.0,"Martinsville, Virginia, US",2612.713079496575,1.8292682926829267
51115.0,Mathews,Virginia,US,2020-09-02 04:28:25,37.44164146,-76.34098896,23,0,0,23.0,"Mathews, Virginia, US",260.3577088521621,0.0
51117.0,Mecklenburg,Virginia,US,2020-09-02 04:28:25,36.67882005,-78.36131056,529,33,0,496.0,"Mecklenburg, Virginia, US",1729.4929218295356,6.238185255198487
51119.0,Middlesex,Virginia,US,2020-09-02 04:28:25,37.63191998,-76.55064617,55,1,0,54.0,"Middlesex, Virginia, US",519.7505197505197,1.818181818181818
51121.0,Montgomery,Virginia,US,2020-09-02 04:28:25,37.17746986,-80.37868691,532,4,0,528.0,"Montgomery, Virginia, US",539.9096767646014,0.7518796992481203
51125.0,Nelson,Virginia,US,2020-09-02 04:28:25,37.78790447,-78.88498513,86,0,0,86.0,"Nelson, Virginia, US",576.0214333556597,0.0
51127.0,New Kent,Virginia,US,2020-09-02 04:28:25,37.50694406,-76.99828634,151,1,0,150.0,"New Kent, Virginia, US",653.9344333290028,0.6622516556291391
51700.0,Newport News,Virginia,US,2020-09-02 04:28:25,37.08166899,-76.51754109,2335,27,0,2308.0,"Newport News, Virginia, US",1302.831636211466,1.1563169164882228
51710.0,Norfolk,Virginia,US,2020-09-02 04:28:25,36.89934014,-76.26420872,4406,55,0,4351.0,"Norfolk, Virginia, US",1815.095863097445,1.2482977757603269
51131.0,Northampton,Virginia,US,2020-09-02 04:28:25,37.34062933,-75.87751591,304,29,0,275.0,"Northampton, Virginia, US",2596.071733561059,9.539473684210526
51133.0,Northumberland,Virginia,US,2020-09-02 04:28:25,37.89202088,-76.41949732,90,5,0,85.0,"Northumberland, Virginia, US",744.1091360066142,5.5555555555555545
51720.0,Norton,Virginia,US,2020-09-02 04:28:25,36.93357076,-82.62750411,26,0,0,26.0,"Norton, Virginia, US",653.1022356191911,0.0
51135.0,Nottoway,Virginia,US,2020-09-02 04:28:25,37.1435975,-78.05065922,201,14,0,187.0,"Nottoway, Virginia, US",1319.5903361344538,6.965174129353233
51137.0,Orange,Virginia,US,2020-09-02 04:28:25,38.24530219,-78.01560400000002,264,4,0,260.0,"Orange, Virginia, US",712.5313756713717,1.5151515151515151
51139.0,Page,Virginia,US,2020-09-02 04:28:25,38.61807452,-78.48797204,361,25,0,336.0,"Page, Virginia, US",1510.3338632750394,6.9252077562326875
51141.0,Patrick,Virginia,US,2020-09-02 04:28:25,36.680163799999995,-80.2865648,229,11,0,218.0,"Patrick, Virginia, US",1300.5452067242165,4.80349344978166
51730.0,Petersburg,Virginia,US,2020-09-02 04:28:25,37.20530399,-77.39368102,633,22,0,611.0,"Petersburg, Virginia, US",2019.3964142155291,3.4755134281200637
51143.0,Pittsylvania,Virginia,US,2020-09-02 04:28:25,36.81980341,-79.39731264,780,4,0,776.0,"Pittsylvania, Virginia, US",1292.3749875733176,0.5128205128205128
51735.0,Poquoson,Virginia,US,2020-09-02 04:28:25,37.14259351,-76.35798148,68,0,0,68.0,"Poquoson, Virginia, US",554.1520658463044,0.0
51740.0,Portsmouth,Virginia,US,2020-09-02 04:28:25,36.85914825,-76.35971629,2234,36,0,2198.0,"Portsmouth, Virginia, US",2366.5755630415892,1.6114592658907791
51145.0,Powhatan,Virginia,US,2020-09-02 04:28:25,37.55016038,-77.91267882,190,4,0,186.0,"Powhatan, Virginia, US",640.7662215027655,2.1052631578947367
51147.0,Prince Edward,Virginia,US,2020-09-02 04:28:25,37.22554789,-78.43597949,493,12,0,481.0,"Prince Edward, Virginia, US",2162.0910446452067,2.4340770791075053
51149.0,Prince George,Virginia,US,2020-09-02 04:28:25,37.18497668,-77.22922187,560,2,0,558.0,"Prince George, Virginia, US",1460.1204599379446,0.35714285714285715
51153.0,Prince William,Virginia,US,2020-09-02 04:28:25,38.70916224,-77.48713689,10904,185,0,10719.0,"Prince William, Virginia, US",2318.347560781145,1.6966250917094643
51155.0,Pulaski,Virginia,US,2020-09-02 04:28:25,37.06474963,-80.71229738,137,3,0,134.0,"Pulaski, Virginia, US",402.621447673906,2.18978102189781
51750.0,Radford,Virginia,US,2020-09-02 04:28:25,37.12222899,-80.56027320000003,467,0,0,467.0,"Radford, Virginia, US",2559.0443311962304,0.0
51157.0,Rappahannock,Virginia,US,2020-09-02 04:28:25,38.68295619,-78.15826963,53,2,0,51.0,"Rappahannock, Virginia, US",719.1316146540026,3.7735849056603774
51159.0,Richmond,Virginia,US,2020-09-02 04:28:25,37.937575,-76.72920628,328,4,0,324.0,"Richmond, Virginia, US",3635.154604898592,1.2195121951219512
51760.0,Richmond City,Virginia,US,2020-09-02 04:28:25,37.53255773,-77.47966921,3920,49,0,3871.0,"Richmond City, Virginia, US",1701.1230884063255,1.25
51161.0,Roanoke,Virginia,US,2020-09-02 04:28:25,37.26865804,-80.06396753,611,4,0,607.0,"Roanoke, Virginia, US",648.7163697364789,0.6546644844517185
51770.0,Roanoke City,Virginia,US,2020-09-02 04:28:25,37.27791025,-79.96189766,1201,15,0,1186.0,"Roanoke City, Virginia, US",1211.3815397960525,1.2489592006661117
51163.0,Rockbridge,Virginia,US,2020-09-02 04:28:25,37.81204314,-79.44605905,86,1,0,85.0,"Rockbridge, Virginia, US",380.9861338767554,1.162790697674419
51165.0,Rockingham,Virginia,US,2020-09-02 04:28:25,38.51006137,-78.87260325,1069,20,0,1049.0,"Rockingham, Virginia, US",1304.4857714648313,1.8709073900841908
51167.0,Russell,Virginia,US,2020-09-02 04:28:25,36.93028320000001,-82.10095486,188,4,0,184.0,"Russell, Virginia, US",707.1390957646881,2.127659574468085
51775.0,Salem,Virginia,US,2020-09-02 04:28:25,37.2836193,-80.06219455,210,4,0,206.0,"Salem, Virginia, US",830.0067191020117,1.9047619047619049
51169.0,Scott,Virginia,US,2020-09-02 04:28:25,36.71466456,-82.60171704,156,4,0,152.0,"Scott, Virginia, US",723.3608457757581,2.5641025641025643
51171.0,Shenandoah,Virginia,US,2020-09-02 04:28:25,38.85905135,-78.56813762,773,48,0,725.0,"Shenandoah, Virginia, US",1772.2853998532648,6.209573091849936
51173.0,Smyth,Virginia,US,2020-09-02 04:28:25,36.84455636,-81.53344948,281,5,0,276.0,"Smyth, Virginia, US",933.4307733191603,1.7793594306049825
51175.0,Southampton,Virginia,US,2020-09-02 04:28:25,36.72231125,-77.10642712,359,13,0,346.0,"Southampton, Virginia, US",2036.186262832511,3.62116991643454
51177.0,Spotsylvania,Virginia,US,2020-09-02 04:28:25,38.18574462,-77.655399,1824,38,0,1786.0,"Spotsylvania, Virginia, US",1339.059574936681,2.083333333333333
51179.0,Stafford,Virginia,US,2020-09-02 04:28:25,38.41758738,-77.45917053,1717,10,0,1707.0,"Stafford, Virginia, US",1123.088394971285,0.5824111822946999
51790.0,Staunton,Virginia,US,2020-09-02 04:28:25,38.15965544,-79.05979937,173,0,0,173.0,"Staunton, Virginia, US",693.8873736563452,0.0
51800.0,Suffolk,Virginia,US,2020-09-02 04:28:25,36.70155394,-76.63603554,1660,61,0,1599.0,"Suffolk, Virginia, US",1802.232162244322,3.6746987951807233
51181.0,Surry,Virginia,US,2020-09-02 04:28:25,37.11781893,-76.88450012,71,3,0,68.0,"Surry, Virginia, US",1105.5745873559638,4.225352112676056
51183.0,Sussex,Virginia,US,2020-09-02 04:28:25,36.92432914,-77.25791182,342,9,0,333.0,"Sussex, Virginia, US",3064.7907518594857,2.631578947368421
51185.0,Tazewell,Virginia,US,2020-09-02 04:28:25,37.12191123,-81.56685568,196,2,0,194.0,"Tazewell, Virginia, US",482.81808104446367,1.020408163265306
90051.0,Unassigned,Virginia,US,2020-09-02 04:28:25,,,0,0,0,0.0,"Unassigned, Virginia, US",,
51810.0,Virginia Beach,Virginia,US,2020-09-02 04:28:25,36.73285734,-76.04566934,6049,69,0,5980.0,"Virginia Beach, Virginia, US",1344.2998928827,1.1406844106463878
51187.0,Warren,Virginia,US,2020-09-02 04:28:25,38.90847745,-78.20280433,391,6,0,385.0,"Warren, Virginia, US",973.5086146798128,1.5345268542199488
51191.0,Washington,Virginia,US,2020-09-02 04:28:25,36.72341572,-81.95666289,375,9,0,366.0,"Washington, Virginia, US",697.8042426497954,2.4
51820.0,Waynesboro,Virginia,US,2020-09-02 04:28:25,38.06451466,-78.90293905,216,3,0,213.0,"Waynesboro, Virginia, US",954.4851966416264,1.3888888888888888
51193.0,Westmoreland,Virginia,US,2020-09-02 04:28:25,38.11021557,-76.80213247,224,3,0,221.0,"Westmoreland, Virginia, US",1243.4082708853732,1.3392857142857142
51830.0,Williamsburg,Virginia,US,2020-09-02 04:28:25,37.28131268,-76.70905141,155,6,0,149.0,"Williamsburg, Virginia, US",1036.5119700414605,3.870967741935484
51840.0,Winchester,Virginia,US,2020-09-02 04:28:25,39.17054517,-78.17325058,446,4,0,442.0,"Winchester, Virginia, US",1588.4322245174158,0.8968609865470852
51195.0,Wise,Virginia,US,2020-09-02 04:28:25,36.9746148,-82.62410519,332,5,0,327.0,"Wise, Virginia, US",888.1042184950377,1.5060240963855422
51197.0,Wythe,Virginia,US,2020-09-02 04:28:25,36.91582035,-81.07834059,164,3,0,161.0,"Wythe, Virginia, US",571.7473155766281,1.8292682926829267
51199.0,York,Virginia,US,2020-09-02 04:28:25,37.24374789,-76.54412815,467,6,0,461.0,"York, Virginia, US",683.9484475688342,1.284796573875803
54001.0,Barbour,West Virginia,US,2020-09-02 04:28:25,39.1307219,-80.00350858,33,1,0,32.0,"Barbour, West Virginia, US",200.717717900371,3.0303030303030303
54003.0,Berkeley,West Virginia,US,2020-09-02 04:28:25,39.46704621,-78.02414609,804,11,0,793.0,"Berkeley, West Virginia, US",674.6607815659851,1.3681592039800996
54005.0,Boone,West Virginia,US,2020-09-02 04:28:25,38.01974191,-81.69888019,143,0,0,143.0,"Boone, West Virginia, US",666.4491774246168,0.0
54007.0,Braxton,West Virginia,US,2020-09-02 04:28:25,38.70036159,-80.72011184,9,0,0,9.0,"Braxton, West Virginia, US",64.48377158415133,0.0
54009.0,Brooke,West Virginia,US,2020-09-02 04:28:25,40.27367263,-80.57915332,94,2,0,92.0,"Brooke, West Virginia, US",428.46073202971877,2.127659574468085
54011.0,Cabell,West Virginia,US,2020-09-02 04:28:25,38.42424062,-82.23855912,544,8,0,536.0,"Cabell, West Virginia, US",591.6580564467888,1.4705882352941178
54013.0,Calhoun,West Virginia,US,2020-09-02 04:28:25,38.84315422,-81.11934872,10,0,0,10.0,"Calhoun, West Virginia, US",140.66676044450696,0.0
54015.0,Clay,West Virginia,US,2020-09-02 04:28:25,38.46231092,-81.07652217,27,2,0,25.0,"Clay, West Virginia, US",317.3483779971791,7.407407407407407
54017.0,Doddridge,West Virginia,US,2020-09-02 04:28:25,39.27057157,-80.70671527,6,0,0,6.0,"Doddridge, West Virginia, US",71.02272727272727,0.0
54019.0,Fayette,West Virginia,US,2020-09-02 04:28:25,38.02974928,-81.08286634,360,10,0,350.0,"Fayette, West Virginia, US",848.9364712540677,2.7777777777777777
54021.0,Gilmer,West Virginia,US,2020-09-02 04:28:25,38.9251277,-80.85952723,19,0,0,19.0,"Gilmer, West Virginia, US",242.87357791128724,0.0
54023.0,Grant,West Virginia,US,2020-09-02 04:28:25,39.10314817,-79.19440518,141,6,0,135.0,"Grant, West Virginia, US",1218.8796680497924,4.25531914893617
54025.0,Greenbrier,West Virginia,US,2020-09-02 04:28:25,37.9463652,-80.45335881,105,3,0,102.0,"Greenbrier, West Virginia, US",302.925393803012,2.8571428571428568
54027.0,Hampshire,West Virginia,US,2020-09-02 04:28:25,39.32103553,-78.60826476,92,1,0,91.0,"Hampshire, West Virginia, US",396.97950377562034,1.0869565217391304
54029.0,Hancock,West Virginia,US,2020-09-02 04:28:25,40.51943859,-80.57461608,122,0,0,122.0,"Hancock, West Virginia, US",423.46407497396734,0.0
54031.0,Hardy,West Virginia,US,2020-09-02 04:28:25,39.00683177,-78.85855301,75,0,0,75.0,"Hardy, West Virginia, US",544.4250871080138,0.0
54033.0,Harrison,West Virginia,US,2020-09-02 04:28:25,39.2853852,-80.37919577,269,1,0,268.0,"Harrison, West Virginia, US",399.9643154514096,0.3717472118959108
54035.0,Jackson,West Virginia,US,2020-09-02 04:28:25,38.84263974,-81.68148753,205,19,0,186.0,"Jackson, West Virginia, US",717.3852183650616,9.268292682926827
54037.0,Jefferson,West Virginia,US,2020-09-02 04:28:25,39.30776166,-77.86014147,360,4,0,356.0,"Jefferson, West Virginia, US",629.9653519056452,1.1111111111111112
54039.0,Kanawha,West Virginia,US,2020-09-02 04:28:25,38.33860077,-81.52857054,1491,34,0,1457.0,"Kanawha, West Virginia, US",837.057330848173,2.280348759221998
54041.0,Lewis,West Virginia,US,2020-09-02 04:28:25,38.9947249,-80.49988181,32,2,0,30.0,"Lewis, West Virginia, US",201.16929653611615,6.25
54043.0,Lincoln,West Virginia,US,2020-09-02 04:28:25,38.172154,-82.07017953,119,1,0,118.0,"Lincoln, West Virginia, US",583.0760938801509,0.8403361344537815
54045.0,Logan,West Virginia,US,2020-09-02 04:28:25,37.8299889,-81.93528571,493,29,0,464.0,"Logan, West Virginia, US",1539.710796714451,5.882352941176472
54049.0,Marion,West Virginia,US,2020-09-02 04:28:25,39.50984542,-80.24244659,220,2,0,218.0,"Marion, West Virginia, US",392.3526893993437,0.9090909090909092
54051.0,Marshall,West Virginia,US,2020-09-02 04:28:25,39.86064362,-80.66591062,133,1,0,132.0,"Marshall, West Virginia, US",435.622809603354,0.7518796992481203
54053.0,Mason,West Virginia,US,2020-09-02 04:28:25,38.77071799,-82.02524219,105,1,0,104.0,"Mason, West Virginia, US",395.98732840549104,0.9523809523809524
54047.0,McDowell,West Virginia,US,2020-09-02 04:28:25,37.38002939,-81.65083669,70,1,0,69.0,"McDowell, West Virginia, US",397.1856559237403,1.4285714285714286
54055.0,Mercer,West Virginia,US,2020-09-02 04:28:25,37.40481169,-81.11023142,311,23,0,288.0,"Mercer, West Virginia, US",529.2896286463118,7.395498392282957
54057.0,Mineral,West Virginia,US,2020-09-02 04:28:25,39.41561583,-78.94104895,147,4,0,143.0,"Mineral, West Virginia, US",547.119249665029,2.7210884353741496
54059.0,Mingo,West Virginia,US,2020-09-02 04:28:25,37.73048351,-82.13338365,249,7,0,242.0,"Mingo, West Virginia, US",1063.0122950819673,2.8112449799196786
54061.0,Monongalia,West Virginia,US,2020-09-02 04:28:25,39.63218457,-80.04766838,1170,5,0,1165.0,"Monongalia, West Virginia, US",1107.8286558345642,0.4273504273504273
54063.0,Monroe,West Virginia,US,2020-09-02 04:28:25,37.56274716,-80.54577965,124,5,0,119.0,"Monroe, West Virginia, US",934.0866290018832,4.032258064516129
54065.0,Morgan,West Virginia,US,2020-09-02 04:28:25,39.55439028,-78.26311676,38,0,0,38.0,"Morgan, West Virginia, US",212.48042943413105,0.0
54067.0,Nicholas,West Virginia,US,2020-09-02 04:28:25,38.29617706,-80.79759588,52,2,0,50.0,"Nicholas, West Virginia, US",212.2795558458524,3.8461538461538463
54069.0,Ohio,West Virginia,US,2020-09-02 04:28:25,40.0955451,-80.62203992,293,5,0,288.0,"Ohio, West Virginia, US",707.5414744874548,1.706484641638225
54071.0,Pendleton,West Virginia,US,2020-09-02 04:28:25,38.68314479,-79.35084086,45,1,0,44.0,"Pendleton, West Virginia, US",645.7167455876022,2.2222222222222223
54073.0,Pleasants,West Virginia,US,2020-09-02 04:28:25,39.37091679,-81.16771771,15,2,0,13.0,"Pleasants, West Virginia, US",201.07238605898124,13.333333333333336
54075.0,Pocahontas,West Virginia,US,2020-09-02 04:28:25,38.32758728,-80.00993811,45,0,0,45.0,"Pocahontas, West Virginia, US",545.6529647144416,0.0
54077.0,Preston,West Virginia,US,2020-09-02 04:28:25,39.46770987,-79.66712803,140,4,0,136.0,"Preston, West Virginia, US",418.7604690117253,2.8571428571428568
54079.0,Putnam,West Virginia,US,2020-09-02 04:28:25,38.50782345,-81.9082131,286,0,0,286.0,"Putnam, West Virginia, US",506.6430469441984,0.0
54081.0,Raleigh,West Virginia,US,2020-09-02 04:28:25,37.76936795,-81.2456041,366,4,0,362.0,"Raleigh, West Virginia, US",498.9026867136489,1.0928961748633879
54083.0,Randolph,West Virginia,US,2020-09-02 04:28:25,38.769899,-79.87919615,226,0,0,226.0,"Randolph, West Virginia, US",787.5936574316082,0.0
54085.0,Ritchie,West Virginia,US,2020-09-02 04:28:25,39.18094587,-81.06356878,5,0,0,5.0,"Ritchie, West Virginia, US",52.33410090014655,0.0
54087.0,Roane,West Virginia,US,2020-09-02 04:28:25,38.71622686,-81.35243568,33,1,0,32.0,"Roane, West Virginia, US",241.08708357685563,3.0303030303030303
54089.0,Summers,West Virginia,US,2020-09-02 04:28:25,37.65390597,-80.86009693,20,0,0,20.0,"Summers, West Virginia, US",159.0710252127575,0.0
54091.0,Taylor,West Virginia,US,2020-09-02 04:28:25,39.33602617,-80.0421439,106,4,0,102.0,"Taylor, West Virginia, US",634.9206349206347,3.7735849056603774
54093.0,Tucker,West Virginia,US,2020-09-02 04:28:25,39.11240885,-79.57053576,11,0,0,11.0,"Tucker, West Virginia, US",160.84222839596433,0.0
54095.0,Tyler,West Virginia,US,2020-09-02 04:28:25,39.46811972,-80.88772676,15,0,0,15.0,"Tyler, West Virginia, US",174.60132697008495,0.0
90054.0,Unassigned,West Virginia,US,2020-09-02 04:28:25,,,0,0,0,0.0,"Unassigned, West Virginia, US",,
54097.0,Upshur,West Virginia,US,2020-09-02 04:28:25,38.89285061,-80.23689136,43,0,0,43.0,"Upshur, West Virginia, US",177.86234281932497,0.0
54099.0,Wayne,West Virginia,US,2020-09-02 04:28:25,38.14901357,-82.42287994,253,10,0,243.0,"Wayne, West Virginia, US",642.0993858179787,3.9525691699604737
54101.0,Webster,West Virginia,US,2020-09-02 04:28:25,38.49370949,-80.4202023,7,0,0,7.0,"Webster, West Virginia, US",86.27064333251171,0.0
54103.0,Wetzel,West Virginia,US,2020-09-02 04:28:25,39.6065771,-80.64016540000001,45,0,0,45.0,"Wetzel, West Virginia, US",298.70560902754727,0.0
54105.0,Wirt,West Virginia,US,2020-09-02 04:28:25,39.02775007,-81.37473928,9,0,0,9.0,"Wirt, West Virginia, US",154.6126095172651,0.0
54107.0,Wood,West Virginia,US,2020-09-02 04:28:25,39.20967886,-81.5162836,310,5,0,305.0,"Wood, West Virginia, US",371.1774707248737,1.6129032258064515
54109.0,Wyoming,West Virginia,US,2020-09-02 04:28:25,37.612327,-81.54511071,68,3,0,65.0,"Wyoming, West Virginia, US",333.43140139256644,4.411764705882354
